{"mib": 0.14117647058823529, "whoever": -0.15789473684210525, "recycled": -0.12719298245614033, "hercules": 0.18235294117647055, "innovative": 0.22941176470588237, "naomi": 0.14117647058823529, "cheaply": 0.14117647058823529, "portrayed": 0.1588235294117647, "stinks": -0.24561403508771928, "ballet": 0.14117647058823529, "ham": -0.12719298245614033, "han": 0.12941176470588234, "melinda": 0.14117647058823529, "mute": 0.21764705882352942, "troubles": 0.18235294117647055, "wen": 0.14117647058823529, "thieves": -0.10087719298245613, "understated": 0.15294117647058819, "minute": -0.10526315789473684, "depravity": 0.14117647058823529, "derivative": -0.11842105263157895, "rice": 0.25882352941176473, "indifference": 0.14117647058823529, "norm": -0.10526315789473684, "colleague": 0.25882352941176473, "fades": -0.10526315789473684, "zucker": -0.12719298245614033, "sunny": 0.18235294117647055, "wives": 0.18235294117647055, "cruz": -0.12719298245614033, "stormare": -0.10087719298245613, "snake": -0.20175438596491227, "stays": 0.20000000000000001, "sixteen": 0.14117647058823529, "appropriately": 0.18235294117647055, "abby": 0.18235294117647055, "sant": 0.21764705882352942, "liaisons": -0.10087719298245613, "adorable": 0.20588235294117646, "alice": 0.14705882352941174, "patch": -0.10526315789473684, "samurai": 0.21764705882352942, "sane": -0.10087719298245613, "fisherman": -0.15789473684210525, "perfect": 0.14117647058823529, "spins": 0.21764705882352942, "glasses": -0.14473684210526314, "insane": 0.18235294117647055, "reactions": 0.20588235294117646, "attorney": 0.18235294117647055, "goldsman": -0.15789473684210525, "crowe": 0.1588235294117647, "crown": -0.10964912280701754, "bounce": -0.12719298245614033, "immortal": 0.18235294117647055, "captive": 0.18235294117647055, "displays": 0.17058823529411765, "choosing": -0.18421052631578946, "overboard": 0.21764705882352942, "edged": 0.14117647058823529, "bore": -0.14473684210526314, "slew": -0.14473684210526314, "unoriginal": -0.10964912280701754, "draws": 0.18235294117647055, "destiny": 0.16470588235294115, "insulting": -0.5, "paired": -0.10087719298245613, "deadpan": 0.14705882352941174, "skywalker": 0.29999999999999999, "mason": -0.12719298245614033, "leia": 0.18235294117647055, "judith": -0.15789473684210525, "succumb": 0.14117647058823529, "unintentionally": -0.14035087719298245, "caan": -0.10964912280701754, "viewings": 0.12941176470588234, "tricky": -0.10087719298245613, "barrier": -0.10087719298245613, "torpedoes": -0.10087719298245613, "onofrio": 0.18235294117647055, "portrays": 0.18235294117647055, "tv2": -0.12719298245614033, "protection": -0.12719298245614033, "awards": 0.16470588235294115, "november": 0.12941176470588234, "bening": 0.1588235294117647, "feeds": 0.14117647058823529, "benson": 0.14117647058823529, "definition": -0.10526315789473684, "pairs": -0.15789473684210525, "china": 0.13529411764705879, "uplifting": 0.22941176470588237, "deserved": 0.15294117647058819, "maniac": -0.18421052631578946, "k": -0.12719298245614033, "virus": -0.21491228070175439, "askew": 0.14117647058823529, "controversy": 0.38235294117647056, "flawless": 0.18235294117647055, "leadership": 0.21764705882352942, "vision": 0.12941176470588234, "concentrates": 0.14705882352941174, "testament": 0.3411764705882353, "existential": 0.18235294117647055, "climb": -0.30263157894736842, "secretary": -0.11842105263157895, "disappears": -0.096491228070175447, "rehash": -0.12719298245614033, "swimming": -0.11842105263157895, "golden": 0.23529411764705882, "maxwell": -0.10087719298245613, "honeymoon": 0.18235294117647055, "delicately": 0.14117647058823529, "beings": 0.16470588235294115, "unsinkable": 0.14117647058823529, "dumbest": -0.10087719298245613, "tony": 0.17058823529411765, "tamara": 0.14117647058823529, "intent": -0.11842105263157895, "mojo": 0.14117647058823529, "span": 0.16470588235294115, "catchy": 0.22941176470588237, "boiler": 0.14117647058823529, "approximately": -0.15789473684210525, "kahn": 0.14117647058823529, "bliss": 0.14117647058823529, "coolness": 0.14117647058823529, "witt": -0.10087719298245613, "searches": 0.21764705882352942, "sweaty": -0.10087719298245613, "tested": 0.14117647058823529, "contradictory": -0.12719298245614033, "doubts": 0.14117647058823529, "wasted": -0.2807017543859649, "strangelove": 0.12941176470588234, "positively": 0.12941176470588234, "abused": 0.21764705882352942, "ahmed": -0.12719298245614033, "morally": 0.18235294117647055, "tossed": -0.10526315789473684, "locks": -0.10087719298245613, "tripe": -0.21491228070175439, "rehab": -0.10087719298245613, "eighteen": -0.10087719298245613, "era": 0.3411764705882353, "historical": 0.1588235294117647, "smashed": 0.14117647058823529, "trips": -0.12719298245614033, "penthouse": 0.14117647058823529, "admired": 0.41764705882352937, "unlikeable": -0.10087719298245613, "humble": 0.14117647058823529, "false": 0.14117647058823529, "entering": 0.20588235294117646, "wakes": 0.14705882352941174, "gratuitous": -0.10526315789473684, "von": 0.25882352941176473, "kieslowski": 0.18235294117647055, "matheson": 0.18235294117647055, "enchanted": 0.14117647058823529, "vow": -0.10087719298245613, "recovers": -0.10087719298245613, "refreshingly": 0.25882352941176473, "engages": 0.29999999999999999, "cream": -0.12719298245614033, "backwoods": 0.14117647058823529, "depict": 0.1588235294117647, "moniker": -0.10087719298245613, "zoe": 0.14117647058823529, "pauly": -0.10087719298245613, "deserves": 0.17058823529411765, "soaked": -0.10964912280701754, "nuts": -0.27192982456140352, "barred": 0.14117647058823529, "lately": 0.14705882352941174, "recognizing": -0.10087719298245613, "saucy": -0.10087719298245613, "walters": 0.14117647058823529, "illusion": -0.12719298245614033, "visually": 0.18823529411764706, "wires": -0.12719298245614033, "effortlessly": 0.5, "spewing": -0.10087719298245613, "prepared": 0.1588235294117647, "raucous": 0.14117647058823529, "modest": 0.18235294117647055, "edges": 0.18235294117647055, "germany": 0.18235294117647055, "printed": -0.12719298245614033, "hans": 0.12941176470588234, "lang": 0.18235294117647055, "natalie": 0.27647058823529413, "nonetheless": 0.15294117647058819, "phil": -0.10087719298245613, "sickening": -0.12719298245614033, "cronenberg": 0.14117647058823529, "torrid": -0.12719298245614033, "davies": 0.14117647058823529, "barrel": -0.11842105263157895, "nonsensical": -0.12719298245614033}